loss,binary_crossentropy,weighted_binary_crossentropy,val_loss,val_binary_crossentropy,val_weighted_binary_crossentropy
3.7613017559051514,0.6611891984939575,0.6591019034385681,3.759897232055664,0.6594278812408447,0.658005952835083
3.431871175765991,0.6126432418823242,0.6013750433921814,3.439288377761841,0.6128446459770203,0.6018973588943481
3.3322880268096924,0.5983861088752747,0.5839248299598694,3.3399438858032227,0.5990824103355408,0.5845114588737488
3.2759218215942383,0.5903253555297852,0.5740476250648499,3.2830488681793213,0.5911818146705627,0.574554443359375
3.245968818664551,0.5861499309539795,0.5687988996505737,3.251732349395752,0.5868380069732666,0.5690738558769226
3.2178385257720947,0.582425057888031,0.5638695359230042,3.2217936515808105,0.5830708742141724,0.5638344287872314
3.1941256523132324,0.5790138244628906,0.5597143173217773,3.1982929706573486,0.5799099802970886,0.5597216486930847
3.172121524810791,0.5766422152519226,0.5558584928512573,3.1748127937316895,0.5774052739143372,0.5556125044822693
3.1579771041870117,0.5752414464950562,0.5533798933029175,3.161406993865967,0.5760833024978638,0.5532664060592651
3.1459381580352783,0.573854923248291,0.5512703061103821,3.149423360824585,0.5746943354606628,0.5511691570281982
3.1347579956054688,0.5725150108337402,0.5493111610412598,3.1375954151153564,0.5732291340827942,0.5490992069244385
3.121504306793213,0.5709317922592163,0.5469886660575867,3.123356580734253,0.5716275572776794,0.5466073155403137
3.106473445892334,0.5698208808898926,0.5443547964096069,3.1075897216796875,0.5705121755599976,0.5438480377197266
3.0969579219818115,0.5687459111213684,0.5426873564720154,3.099026918411255,0.5694797039031982,0.5423494577407837
3.0891923904418945,0.5676678419113159,0.5413265824317932,3.091094732284546,0.56841641664505,0.5409612655639648
3.0758845806121826,0.5665659308433533,0.5389946103096008,3.077590227127075,0.5673427581787109,0.5385978817939758
3.065979480743408,0.565908670425415,0.5372589230537415,3.068199872970581,0.5667021870613098,0.5369545221328735
3.0587856769561768,0.5650134682655334,0.5359983444213867,3.060727596282959,0.5656612515449524,0.5356468558311462
3.05013108253479,0.5639960765838623,0.5344818234443665,3.0517566204071045,0.5647075176239014,0.5340768694877625
3.0433120727539062,0.5637595057487488,0.5332868695259094,3.046020984649658,0.5645983815193176,0.5330731272697449
3.0350120067596436,0.5632295608520508,0.5318324565887451,3.0379419326782227,0.5641931891441345,0.5316591858863831
3.0303573608398438,0.5631418228149414,0.5310167670249939,3.0329413414001465,0.564014196395874,0.5307840704917908
3.023533821105957,0.5620684623718262,0.5298210382461548,3.026533365249634,0.5629859566688538,0.5296626091003418
3.0162415504455566,0.5619375109672546,0.52854323387146,3.0195586681365967,0.5628028512001038,0.5284420251846313
3.0082945823669434,0.5611684918403625,0.5271506905555725,3.011570692062378,0.5621464848518372,0.5270440578460693
3.0050101280212402,0.5603017807006836,0.5265751481056213,3.0091280937194824,0.5613502860069275,0.5266165733337402
3.0002734661102295,0.5603168606758118,0.5257450938224792,3.0050525665283203,0.5614719986915588,0.5259033441543579
2.9945154190063477,0.5599620342254639,0.5247361063957214,2.999450922012329,0.5611228346824646,0.5249230265617371
2.9890639781951904,0.5593530535697937,0.523780882358551,2.994006395339966,0.5605262517929077,0.5239701867103577
2.9835362434387207,0.5589903593063354,0.5228121876716614,2.988766670227051,0.5602667927742004,0.5230532288551331
2.978220224380493,0.5588874816894531,0.5218806862831116,2.9834752082824707,0.5602169036865234,0.5221271514892578
2.975099563598633,0.5587475895881653,0.5213338136672974,2.9810471534729004,0.5601698756217957,0.521702229976654
2.971468448638916,0.5580923557281494,0.5206975340843201,2.977659225463867,0.5595768094062805,0.5211093425750732
2.967580795288086,0.5576772689819336,0.5200163125991821,2.974290609359741,0.5593278408050537,0.5205198526382446
2.9629294872283936,0.5572841763496399,0.5192012190818787,2.9704248905181885,0.5591046810150146,0.5198432803153992
2.959304094314575,0.5567578673362732,0.5185659527778625,2.9680240154266357,0.5586684942245483,0.5194231271743774
2.95487117767334,0.556820273399353,0.5177891850471497,2.964602470397949,0.5589191317558289,0.5188243389129639
2.9540464878082275,0.5560325384140015,0.5176446437835693,2.963815689086914,0.5580765604972839,0.5186866521835327
2.9508771896362305,0.5559302568435669,0.517089307308197,2.9617836475372314,0.5581339001655579,0.5183310508728027
2.9461750984191895,0.5557115077972412,0.516265332698822,2.9572362899780273,0.5579891800880432,0.5175352096557617
2.9454281330108643,0.5554130673408508,0.5161344408988953,2.9560675621032715,0.5576464533805847,0.5173307061195374
2.9413084983825684,0.5555710196495056,0.5154125094413757,2.9526236057281494,0.5578853487968445,0.5167279243469238
2.9396233558654785,0.5548431277275085,0.5151172876358032,2.9513115882873535,0.5572303533554077,0.5164983868598938
2.9359617233276367,0.5553678870201111,0.5144755840301514,2.948934316635132,0.5579012632369995,0.5160822868347168
2.9310786724090576,0.5548122525215149,0.5136198997497559,2.9441585540771484,0.5574600696563721,0.5152465105056763
2.928189992904663,0.5553033947944641,0.5131137371063232,2.9420511722564697,0.5580500960350037,0.5148777365684509
2.926281213760376,0.554840087890625,0.5127792954444885,2.9403553009033203,0.5576605796813965,0.5145809054374695
2.924006223678589,0.554553747177124,0.5123805999755859,2.93877911567688,0.5574322938919067,0.5143051147460938
2.9207828044891357,0.5551460981369019,0.5118157863616943,2.9362897872924805,0.5582177042961121,0.5138694643974304
2.9178645610809326,0.5545716881752014,0.5113043785095215,2.9330644607543945,0.5576409101486206,0.5133050084114075
2.9166982173919678,0.5535158514976501,0.5111000537872314,2.9326164722442627,0.5566332936286926,0.5132265686988831
2.915496349334717,0.5533392429351807,0.5108894109725952,2.931840658187866,0.5564724802970886,0.5130908489227295
2.9110260009765625,0.5535145401954651,0.510106086730957,2.9279868602752686,0.5567781329154968,0.5124163627624512
2.9093925952911377,0.5527327060699463,0.5098198652267456,2.926586627960205,0.5560328960418701,0.5121713280677795
2.9061119556427,0.5527922511100769,0.509244978427887,2.9232637882232666,0.5561845302581787,0.5115898251533508
2.9054393768310547,0.5526123046875,0.5091270804405212,2.9230806827545166,0.5560250878334045,0.5115577578544617
2.9008491039276123,0.5530300736427307,0.5083227157592773,2.9195544719696045,0.5566226243972778,0.5109406113624573
2.8995368480682373,0.5530505776405334,0.5080927610397339,2.918658494949341,0.5566924214363098,0.510783851146698
2.897550344467163,0.5521427392959595,0.5077447295188904,2.916797161102295,0.555778443813324,0.5104580521583557
2.8957786560058594,0.5517619252204895,0.5074342489242554,2.9155683517456055,0.5554715394973755,0.5102430582046509
2.893620252609253,0.5517244338989258,0.5070560574531555,2.9134602546691895,0.5554476380348206,0.5098741054534912
2.892146587371826,0.5514160990715027,0.5067977905273438,2.9118478298187256,0.5550999045372009,0.5095919370651245
2.8892626762390137,0.5512235164642334,0.5062924027442932,2.9101450443267822,0.5550805330276489,0.5092939138412476
2.8871912956237793,0.5508065223693848,0.5059294104576111,2.9079384803771973,0.5546681880950928,0.5089077353477478
2.88761830329895,0.551607608795166,0.506004273891449,2.909269332885742,0.5555410981178284,0.50914067029953
2.8850021362304688,0.5512793064117432,0.5055458545684814,2.9075183868408203,0.5553416013717651,0.5088342428207397
2.880882740020752,0.5511184930801392,0.5048239827156067,2.904172420501709,0.5553396344184875,0.5082486867904663
2.88193416595459,0.5505799651145935,0.5050082206726074,2.904416084289551,0.5546323657035828,0.5082913637161255
2.878939628601074,0.5518254637718201,0.5044835209846497,2.9030942916870117,0.5561323761940002,0.5080599784851074
2.8801865577697754,0.5507871508598328,0.5047019720077515,2.903960704803467,0.5549412369728088,0.508211612701416
2.8761894702911377,0.5510649085044861,0.5040015578269958,2.9003686904907227,0.5553115606307983,0.5075830221176147
2.8731212615966797,0.5509796738624573,0.5034639239311218,2.8975276947021484,0.5552992820739746,0.5070858001708984
2.87333607673645,0.5508089661598206,0.5035015344619751,2.8978021144866943,0.5551306009292603,0.5071338415145874
2.8716723918914795,0.5502553582191467,0.5032100081443787,2.8962907791137695,0.5545847415924072,0.506869375705719
2.8707642555236816,0.5498356819152832,0.5030509233474731,2.895153284072876,0.5541301965713501,0.5066702961921692
2.867037057876587,0.5500515103340149,0.5023977756500244,2.8925931453704834,0.5545080304145813,0.5062222480773926
2.866480827331543,0.5496827363967896,0.5023003220558167,2.892301559448242,0.5541722774505615,0.5061712265014648
2.864217519760132,0.5507089495658875,0.5019037127494812,2.891207218170166,0.5553627014160156,0.5059797167778015
2.863431930541992,0.5501615405082703,0.50176602602005,2.8904857635498047,0.5548458099365234,0.5058534145355225
2.8633017539978027,0.5498546361923218,0.5017431974411011,2.8904221057891846,0.5544898509979248,0.5058423280715942
2.86262583732605,0.5498979091644287,0.5016248226165771,2.8900699615478516,0.5546200275421143,0.5057806968688965
2.861006259918213,0.5495551228523254,0.5013409852981567,2.8890652656555176,0.5543874502182007,0.5056048035621643
2.859261989593506,0.5496547818183899,0.5010353326797485,2.887019634246826,0.5544957518577576,0.5052468180656433
2.858045816421509,0.5495080351829529,0.5008221864700317,2.8855385780334473,0.5542365312576294,0.5049876570701599
2.8555808067321777,0.5503763556480408,0.5003902316093445,2.884683132171631,0.5553099513053894,0.5048379302024841
2.8546173572540283,0.5488516092300415,0.5002214312553406,2.883538007736206,0.5537850260734558,0.5046375393867493
2.8532822132110596,0.5486101508140564,0.49998748302459717,2.88218355178833,0.5534790754318237,0.5044004917144775
2.8511669635772705,0.5487586259841919,0.4996168315410614,2.8801918029785156,0.5536913871765137,0.504051923751831
2.849552631378174,0.548025906085968,0.499333918094635,2.8785958290100098,0.5530086755752563,0.5037726163864136
2.848444938659668,0.5482419729232788,0.49913984537124634,2.877385377883911,0.5532018542289734,0.5035607814788818
2.847494125366211,0.5476375222206116,0.49897322058677673,2.876621961593628,0.5525981187820435,0.5034272074699402
2.8465421199798584,0.5480734705924988,0.4988063871860504,2.8760530948638916,0.5530981421470642,0.5033276081085205
2.8421287536621094,0.5480747222900391,0.4980330169200897,2.872521162033081,0.5533291101455688,0.5027095079421997
2.841351270675659,0.5481882095336914,0.49789679050445557,2.872468948364258,0.5534929037094116,0.5027003884315491
2.8410401344299316,0.5482215881347656,0.49784228205680847,2.872596025466919,0.553525984287262,0.5027226209640503
2.840073585510254,0.5472946166992188,0.4976729154586792,2.871399164199829,0.5526231527328491,0.5025131702423096
2.840980291366577,0.5473186373710632,0.4978317618370056,2.8722243309020996,0.5525864362716675,0.5026575326919556
2.838449478149414,0.547759473323822,0.4973883330821991,2.8711109161376953,0.5531579852104187,0.5024627447128296
2.837552309036255,0.547454833984375,0.4972310960292816,2.870797872543335,0.5529712438583374,0.5024079084396362
2.8358325958251953,0.5466816425323486,0.49692973494529724,2.86885666847229,0.5522019267082214,0.5020682215690613
2.834026336669922,0.5467154383659363,0.4966132342815399,2.8681468963623047,0.5523642897605896,0.5019440054893494
2.833865165710449,0.547278106212616,0.4965849816799164,2.867798089981079,0.5528721809387207,0.5018829703330994
2.8318028450012207,0.5471612215042114,0.4962235987186432,2.866792917251587,0.5529087781906128,0.5017070174217224
2.8322949409484863,0.5469301342964172,0.4963098168373108,2.866041898727417,0.5525180101394653,0.5015755891799927
2.8304662704467773,0.5468398332595825,0.4959893822669983,2.865150213241577,0.5525298118591309,0.5014195442199707
2.828714609146118,0.5470332503318787,0.4956824481487274,2.8638694286346436,0.5527936220169067,0.5011953711509705
2.827514886856079,0.5463740825653076,0.4954721927642822,2.8634114265441895,0.5522546768188477,0.5011152625083923
2.827363967895508,0.5463834404945374,0.49544575810432434,2.8624024391174316,0.5521011352539062,0.5009386539459229
2.8271212577819824,0.5461897850036621,0.4954032301902771,2.862063407897949,0.5519635677337646,0.5008793473243713
2.824366569519043,0.5470914840698242,0.494920551776886,2.8607075214385986,0.5530871152877808,0.5006420612335205
2.8242156505584717,0.5468506217002869,0.4948940873146057,2.8599679470062256,0.5528231263160706,0.5005125999450684
2.82313871383667,0.5459101796150208,0.49470534920692444,2.8584063053131104,0.5516716837882996,0.5002393126487732
2.820720672607422,0.5460581183433533,0.4942816197872162,2.8562569618225098,0.551851212978363,0.4998631775379181
2.8224315643310547,0.5453721284866333,0.4945814609527588,2.857219696044922,0.5510355234146118,0.5000316500663757
2.820348024368286,0.5465604066848755,0.49421635270118713,2.8558475971221924,0.5523924827575684,0.49979153275489807
2.8196284770965576,0.5456169247627258,0.4940902292728424,2.8560681343078613,0.5515695214271545,0.4998301565647125
2.8182287216186523,0.5456150770187378,0.4938449561595917,2.854895830154419,0.551584005355835,0.49962496757507324
2.8180148601531982,0.5448030829429626,0.49380749464035034,2.8549485206604004,0.550751805305481,0.4996342062950134
2.8161733150482178,0.5455658435821533,0.4934847950935364,2.853747844696045,0.5515093803405762,0.4994240701198578
2.814162015914917,0.5452127456665039,0.4931323826313019,2.851480722427368,0.5511409044265747,0.4990273118019104
2.8141417503356934,0.5452108383178711,0.49312880635261536,2.85128116607666,0.5511611700057983,0.498992383480072
2.812889814376831,0.54605633020401,0.49290943145751953,2.849966287612915,0.5519396662712097,0.4987622797489166
2.8111190795898438,0.5461531281471252,0.49259912967681885,2.8496406078338623,0.5523266196250916,0.49870529770851135
2.8108248710632324,0.5463600158691406,0.49254757165908813,2.849729537963867,0.552537202835083,0.49872082471847534
2.8110034465789795,0.5448582768440247,0.4925788640975952,2.849139928817749,0.5508241653442383,0.49861767888069153
2.809844970703125,0.5452303290367126,0.4923758804798126,2.8478333950042725,0.5512868165969849,0.49838900566101074
2.809387683868408,0.545466423034668,0.4922957420349121,2.84744930267334,0.5514397621154785,0.4983217716217041
2.8073647022247314,0.5457114577293396,0.49194127321243286,2.8468658924102783,0.551925539970398,0.49821966886520386
2.8071765899658203,0.5459622740745544,0.49190831184387207,2.8465588092803955,0.5522024035453796,0.49816593527793884
2.806033134460449,0.5458270311355591,0.4917079210281372,2.8461389541625977,0.5521396398544312,0.4980924725532532
2.8075857162475586,0.5451914668083191,0.4919799864292145,2.846780776977539,0.5513699054718018,0.4982047975063324
2.8061182498931885,0.5447415113449097,0.49172282218933105,2.846774101257324,0.5511294007301331,0.4982036054134369
2.8047938346862793,0.5438975095748901,0.49149075150489807,2.8451688289642334,0.550288736820221,0.4979226887226105
2.8046278953552246,0.5443512797355652,0.4914616644382477,2.8445558547973633,0.55058753490448,0.49781540036201477
2.8030858039855957,0.5446925759315491,0.49119141697883606,2.843393087387085,0.5511026382446289,0.4976119101047516
2.802672863006592,0.5445895195007324,0.4911190867424011,2.842737913131714,0.5509576201438904,0.49749723076820374
2.80186128616333,0.5445674657821655,0.49097689986228943,2.843065023422241,0.5510004758834839,0.4975545108318329
2.8010542392730713,0.5455011129379272,0.49083542823791504,2.8429038524627686,0.5520222187042236,0.49752628803253174
2.800126552581787,0.5444671511650085,0.49067288637161255,2.8413491249084473,0.5509569048881531,0.49725422263145447
2.798588275909424,0.5441858172416687,0.49040332436561584,2.840141534805298,0.5506683588027954,0.49704286456108093
2.797564744949341,0.5450743436813354,0.4902239739894867,2.8410422801971436,0.5518252849578857,0.49720051884651184
2.7980093955993652,0.54460608959198,0.49030187726020813,2.840789794921875,0.5513230562210083,0.4971563220024109
2.798088550567627,0.5444537997245789,0.4903157651424408,2.83992075920105,0.5509811043739319,0.4970042407512665
2.795139789581299,0.5446301102638245,0.48979905247688293,2.837456703186035,0.5512085556983948,0.49657300114631653
2.795785903930664,0.5447457432746887,0.4899122714996338,2.838811159133911,0.5513507723808289,0.49681004881858826
2.7970876693725586,0.5433738231658936,0.4901403486728668,2.8387153148651123,0.5497598052024841,0.49679329991340637
2.793874740600586,0.5440478324890137,0.48957735300064087,2.836733341217041,0.5506929755210876,0.496446430683136
2.7934682369232178,0.5440760254859924,0.4895061254501343,2.8365657329559326,0.5507984757423401,0.4964171051979065
2.792128086090088,0.5438970923423767,0.4892713129520416,2.835967779159546,0.5506795048713684,0.4963124096393585
2.7921667098999023,0.5446489453315735,0.48927807807922363,2.8371047973632812,0.5514342188835144,0.49651139974594116
2.790433168411255,0.5453637838363647,0.48897430300712585,2.8359580039978027,0.5523560643196106,0.4963107407093048
2.7907466888427734,0.545183539390564,0.4890292286872864,2.8362622261047363,0.5520724058151245,0.49636396765708923
2.7924325466156006,0.5444755554199219,0.4893246591091156,2.836892604827881,0.5511786341667175,0.4964742958545685
2.790234327316284,0.5439332127571106,0.48893943428993225,2.8352880477905273,0.5507795214653015,0.49619346857070923
2.7881743907928467,0.5436311364173889,0.4885784983634949,2.833728075027466,0.5506759285926819,0.49592047929763794
2.7861216068267822,0.5445693731307983,0.488218754529953,2.833542585372925,0.5519443154335022,0.49588802456855774
2.7877197265625,0.5437195897102356,0.4884988069534302,2.8341498374938965,0.5507930517196655,0.49599429965019226
2.7869372367858887,0.5442913174629211,0.4883616864681244,2.8337268829345703,0.5514835715293884,0.4959203004837036
2.785573959350586,0.5444457530975342,0.4881227910518646,2.8328583240509033,0.5517222285270691,0.495768278837204
2.784168243408203,0.5445317029953003,0.4878764748573303,2.831592559814453,0.5518115162849426,0.49554675817489624
2.784947156906128,0.5444788336753845,0.48801296949386597,2.8322882652282715,0.5517882704734802,0.49566850066185
2.7842466831207275,0.5441755652427673,0.48789021372795105,2.8321642875671387,0.5514195561408997,0.49564680457115173
2.7833573818206787,0.5438069105148315,0.4877343773841858,2.831613063812256,0.5510311126708984,0.4955503046512604
2.781825304031372,0.5440974235534668,0.48746588826179504,2.830794334411621,0.5514577031135559,0.4954070746898651
2.782053232192993,0.5438656210899353,0.48750585317611694,2.8312644958496094,0.5512619018554688,0.49548932909965515
2.781372308731079,0.544266939163208,0.4873865246772766,2.8301925659179688,0.5516785383224487,0.495301753282547
2.7832531929016113,0.5434662699699402,0.48771610856056213,2.830873966217041,0.5506347417831421,0.49542099237442017
2.7823662757873535,0.5435144305229187,0.4875607192516327,2.830645799636841,0.5508053302764893,0.49538102746009827
2.7824337482452393,0.5432774424552917,0.4875725507736206,2.8301308155059814,0.550518810749054,0.4952909052371979
2.781984806060791,0.5433975458145142,0.4874938726425171,2.8304665088653564,0.5506580471992493,0.4953496754169464
2.7786898612976074,0.5454258322715759,0.48691651225090027,2.8297133445739746,0.5530597567558289,0.495217889547348
2.7793543338775635,0.5434334874153137,0.4870329201221466,2.828176259994507,0.550921618938446,0.4949488639831543
2.778385877609253,0.5434992909431458,0.4868631958961487,2.8272736072540283,0.5509885549545288,0.4947908818721771
2.7801568508148193,0.5434240698814392,0.48717355728149414,2.828792095184326,0.5508546233177185,0.4950566589832306
2.777620553970337,0.5436477065086365,0.48672911524772644,2.827357053756714,0.5511772632598877,0.4948055148124695
2.7773032188415527,0.5437235832214355,0.486673504114151,2.8274052143096924,0.5513405799865723,0.4948139488697052
2.7766737937927246,0.5435969829559326,0.48656323552131653,2.8271279335021973,0.5512339472770691,0.49476540088653564
2.7762234210968018,0.5431146025657654,0.4864842891693115,2.8265228271484375,0.5507284998893738,0.49465951323509216
2.7765510082244873,0.5430645942687988,0.4865416884422302,2.8268918991088867,0.550676703453064,0.4947241246700287
2.7762932777404785,0.5433015823364258,0.48649653792381287,2.8273134231567383,0.5509728193283081,0.49479785561561584
2.775251626968384,0.5436950325965881,0.48631396889686584,2.826350212097168,0.5513894557952881,0.49462929368019104
2.7755749225616455,0.5444218516349792,0.48637065291404724,2.8271524906158447,0.552116334438324,0.49476972222328186
2.7748489379882812,0.5427469611167908,0.48624345660209656,2.8263864517211914,0.5504355430603027,0.494635671377182
2.7753920555114746,0.5433672070503235,0.4863385856151581,2.8266708850860596,0.5509606599807739,0.49468544125556946
2.7738189697265625,0.5441313982009888,0.4860629439353943,2.8265268802642822,0.5520027279853821,0.49466022849082947
2.7740659713745117,0.5431493520736694,0.4861062169075012,2.8258590698242188,0.5508764386177063,0.4945433735847473
2.77325177192688,0.5428817868232727,0.4859635829925537,2.825643539428711,0.5505871176719666,0.4945056438446045
2.772789716720581,0.5424318313598633,0.48588258028030396,2.8257896900177,0.5502572655677795,0.49453121423721313
2.772124767303467,0.5434421896934509,0.48576605319976807,2.825652599334717,0.5514995455741882,0.49450722336769104
2.7705414295196533,0.544002115726471,0.485488623380661,2.824993133544922,0.552092432975769,0.4943918287754059
2.771268606185913,0.5431432127952576,0.4856160283088684,2.8246090412139893,0.5511189103126526,0.49432456493377686
2.771988868713379,0.5435006022453308,0.4857422411441803,2.8259847164154053,0.5514078736305237,0.49456533789634705
2.7704176902770996,0.5432025194168091,0.48546692728996277,2.824997901916504,0.5511972308158875,0.49439263343811035
2.7705585956573486,0.5422646999359131,0.4854916036128998,2.824366807937622,0.5502966642379761,0.49428221583366394
2.768444299697876,0.5431361198425293,0.48512113094329834,2.8235924243927,0.5513613820075989,0.4941466748714447
2.768648862838745,0.5440852046012878,0.48515698313713074,2.8240339756011963,0.5522910356521606,0.4942239224910736
2.767519235610962,0.5425750017166138,0.4849590063095093,2.8222122192382812,0.5507258772850037,0.49390512704849243
2.7677035331726074,0.5432188510894775,0.4849913418292999,2.8226075172424316,0.5513136982917786,0.4939742982387543
2.769068717956543,0.5414023399353027,0.48523053526878357,2.8230557441711426,0.5494078397750854,0.4940527677536011
2.767690658569336,0.5423073172569275,0.4849890470504761,2.822180986404419,0.5504084229469299,0.4938996434211731
2.7669029235839844,0.542609453201294,0.48485103249549866,2.822261095046997,0.5506594777107239,0.4939137101173401
2.765091896057129,0.5431876182556152,0.4845336675643921,2.8215231895446777,0.5514196753501892,0.4937845468521118
2.765436887741089,0.5427950620651245,0.4845941364765167,2.821241617202759,0.5509206652641296,0.49373528361320496
2.764613628387451,0.5425788760185242,0.4844498634338379,2.8209457397460938,0.5509564280509949,0.49368345737457275
2.763000249862671,0.542529284954071,0.4841671586036682,2.820482015609741,0.550974428653717,0.49360233545303345
2.763916492462158,0.5431603193283081,0.4843277037143707,2.8201727867126465,0.5514323115348816,0.4935482442378998
2.7641184329986572,0.5429509878158569,0.4843631088733673,2.820218563079834,0.5512591004371643,0.4935562312602997
2.76208758354187,0.5427599549293518,0.48400720953941345,2.8186450004577637,0.5510866045951843,0.493280827999115
2.7612626552581787,0.5433930158615112,0.48386266827583313,2.8185553550720215,0.5518813133239746,0.49326518177986145
2.761720895767212,0.5432491302490234,0.48394298553466797,2.8178839683532715,0.5515177845954895,0.49314767122268677
2.761828660964966,0.5432491302490234,0.4839618504047394,2.819516897201538,0.5517213344573975,0.4934334456920624
2.761565685272217,0.5426769256591797,0.4839157462120056,2.8186326026916504,0.5509539246559143,0.4932786822319031
2.7606723308563232,0.542811393737793,0.48375922441482544,2.8191471099853516,0.5513014197349548,0.4933687150478363
2.7594728469848633,0.5429489612579346,0.483549028635025,2.818999767303467,0.5516897439956665,0.49334293603897095
2.7604451179504395,0.5412717461585999,0.48371943831443787,2.8188600540161133,0.5497499704360962,0.49331846833229065
2.759763717651367,0.5427423119544983,0.483599990606308,2.818716049194336,0.5513144731521606,0.49329325556755066
2.7608227729797363,0.5422846674919128,0.48378556966781616,2.8191921710968018,0.5506617426872253,0.49337661266326904
2.760225534439087,0.5427998304367065,0.48368093371391296,2.819608211517334,0.5514383912086487,0.4934494197368622
2.7585244178771973,0.5433869957923889,0.48338285088539124,2.8186957836151123,0.5521268248558044,0.4932897388935089
2.757659435272217,0.5432764291763306,0.48323124647140503,2.8182547092437744,0.5520638823509216,0.4932125508785248
2.7596137523651123,0.5421637892723083,0.4835737645626068,2.818983554840088,0.5506764054298401,0.4933401048183441
2.757556915283203,0.5425461530685425,0.48321330547332764,2.817258358001709,0.5510900020599365,0.4930381774902344
2.7559709548950195,0.5428097248077393,0.4829353988170624,2.817235231399536,0.5517007112503052,0.49303412437438965
2.7571589946746826,0.542231559753418,0.4831435978412628,2.816490650177002,0.5509593486785889,0.49290379881858826
2.757437229156494,0.5426835417747498,0.4831923246383667,2.817842721939087,0.551531970500946,0.49314042925834656
2.7556185722351074,0.5421890020370483,0.4828736484050751,2.81626296043396,0.551020085811615,0.4928639829158783
2.7552788257598877,0.5414815545082092,0.48281410336494446,2.8154561519622803,0.5501973628997803,0.4927227795124054
2.756373405456543,0.5422292947769165,0.48300594091415405,2.8167824745178223,0.5508870482444763,0.49295490980148315
2.755164861679077,0.5428367853164673,0.4827941656112671,2.8172647953033447,0.5518105030059814,0.4930393099784851
2.7536237239837646,0.5425846576690674,0.4825240969657898,2.8163228034973145,0.5517057776451111,0.492874413728714
2.7544994354248047,0.5421839952468872,0.48267751932144165,2.815885305404663,0.5510618686676025,0.4927978813648224
2.7543282508850098,0.541618287563324,0.48264753818511963,2.8151841163635254,0.5505538582801819,0.49267515540122986
2.7536861896514893,0.5414792895317078,0.4825350344181061,2.815828323364258,0.5503562688827515,0.4927879273891449
2.7527287006378174,0.5425745844841003,0.48236724734306335,2.815394878387451,0.5515506863594055,0.4927120506763458
2.752052068710327,0.5422670841217041,0.4822486639022827,2.814403533935547,0.5511713027954102,0.49253857135772705
2.752181053161621,0.5415889024734497,0.482271283864975,2.814328670501709,0.550561785697937,0.49252548813819885
2.752958297729492,0.5414511561393738,0.48240748047828674,2.814427137374878,0.5504077076911926,0.49254265427589417
2.750687599182129,0.5419191718101501,0.48200955986976624,2.814750909805298,0.5511155724525452,0.49259936809539795
2.752499580383301,0.5403480529785156,0.4823271334171295,2.8142318725585938,0.5492092967033386,0.49250853061676025
2.7505297660827637,0.5420572757720947,0.48198190331459045,2.8130362033843994,0.5510995984077454,0.49229925870895386
2.7499046325683594,0.5420364141464233,0.4818723797798157,2.81284236907959,0.5510841012001038,0.49226534366607666
2.750227451324463,0.5410127639770508,0.4819289445877075,2.8127281665802,0.5499545931816101,0.4922453761100769
2.7524032592773438,0.5415244102478027,0.4823102056980133,2.8139448165893555,0.5503168702125549,0.4924582839012146
2.749130964279175,0.5413818359375,0.48173677921295166,2.812737464904785,0.5504408478736877,0.49224698543548584
2.7502403259277344,0.5409351587295532,0.481931209564209,2.813359260559082,0.5497771501541138,0.4923557937145233
2.7474985122680664,0.542656421661377,0.48145073652267456,2.8125154972076416,0.5520012974739075,0.4922081232070923
2.7472028732299805,0.5418862700462341,0.48139896988868713,2.8110365867614746,0.5510842800140381,0.4919493496417999
2.7479395866394043,0.5401859283447266,0.48152804374694824,2.8116016387939453,0.549250066280365,0.4920482337474823
2.7482852935791016,0.5410016775131226,0.48158860206604004,2.811124801635742,0.5499290227890015,0.49196478724479675
2.747140884399414,0.540943443775177,0.48138806223869324,2.810983419418335,0.5501293540000916,0.4919399917125702
2.7471747398376465,0.541749894618988,0.4813940227031708,2.8119847774505615,0.5508885979652405,0.4921152591705322
2.7476611137390137,0.5409654378890991,0.4814792573451996,2.812084674835205,0.5500807166099548,0.4921327233314514
2.7457964420318604,0.541662335395813,0.4811524748802185,2.8120687007904053,0.5510314702987671,0.49212995171546936
2.7442078590393066,0.5419736504554749,0.48087412118911743,2.8112311363220215,0.5514397621154785,0.4919833838939667
2.7449393272399902,0.542214035987854,0.4810023009777069,2.810857057571411,0.5515198707580566,0.4919179081916809
2.7444796562194824,0.5416775941848755,0.48092174530029297,2.81142520904541,0.5512149333953857,0.49201732873916626
2.7456634044647217,0.5411481261253357,0.48112916946411133,2.812476873397827,0.5506488084793091,0.49220138788223267
2.745459794998169,0.5409825444221497,0.48109349608421326,2.811678647994995,0.5503900647163391,0.49206170439720154
2.7439780235290527,0.5419864058494568,0.48083385825157166,2.8102633953094482,0.5512973070144653,0.4918140172958374
2.7438230514526367,0.5419637560844421,0.4808066785335541,2.8108506202697754,0.551426887512207,0.4919167757034302
2.7453806400299072,0.5411476492881775,0.4810796082019806,2.8111155033111572,0.5505368709564209,0.49196314811706543
2.742980718612671,0.5418205857276917,0.4806590974330902,2.81071138381958,0.5514230728149414,0.49189242720603943
2.7425308227539062,0.5410074591636658,0.48058027029037476,2.8089511394500732,0.5504962205886841,0.4915843605995178
2.742440700531006,0.5416425466537476,0.4805644452571869,2.8098325729370117,0.5513052344322205,0.49173861742019653
2.7413761615753174,0.5417418479919434,0.4803779423236847,2.8083295822143555,0.5512583255767822,0.49147558212280273
2.7424631118774414,0.5413486957550049,0.48056840896606445,2.8094875812530518,0.5508161783218384,0.49167823791503906
2.7409958839416504,0.5420172810554504,0.4803113043308258,2.8089964389801025,0.5515754818916321,0.49159225821495056
2.740689992904663,0.5412006378173828,0.48025766015052795,2.8077332973480225,0.5506063103675842,0.4913712441921234
2.741589069366455,0.5420791506767273,0.4804152250289917,2.810763120651245,0.5517832636833191,0.4919014573097229
2.7407524585723877,0.5408714413642883,0.4802686274051666,2.8086893558502197,0.5505539178848267,0.49153852462768555
2.741260528564453,0.5407612323760986,0.48035764694213867,2.809342622756958,0.5504327416419983,0.49165287613868713
2.738579273223877,0.5412557721138,0.47988781332969666,2.8092010021209717,0.5513340830802917,0.49162808060646057
2.7391278743743896,0.5416752696037292,0.479983925819397,2.8095874786376953,0.551583468914032,0.49169573187828064
2.7384817600250244,0.5408258438110352,0.4798707067966461,2.8084704875946045,0.5506929755210876,0.49150022864341736
2.738454580307007,0.5416836142539978,0.4798659384250641,2.808926582336426,0.551589846611023,0.4915800392627716
2.737321376800537,0.5417715907096863,0.47966739535331726,2.8095829486846924,0.5520506501197815,0.49169492721557617
2.7382304668426514,0.540574848651886,0.4798266887664795,2.8086142539978027,0.5504762530326843,0.4915253818035126
2.7383506298065186,0.5412726402282715,0.4798477292060852,2.808896541595459,0.5512634515762329,0.49157479405403137
2.737349033355713,0.5408387780189514,0.47967222332954407,2.8078739643096924,0.5508531928062439,0.49139586091041565
2.737307548522949,0.5416285991668701,0.47966495156288147,2.8083865642547607,0.5517516136169434,0.4914855659008026
2.737055778503418,0.5414474606513977,0.4796208441257477,2.8086133003234863,0.5516551733016968,0.49152523279190063
2.7356643676757812,0.5412193536758423,0.47937700152397156,2.8066134452819824,0.5510683655738831,0.49117526412010193
2.735996961593628,0.5414125919342041,0.4794352948665619,2.8067681789398193,0.5513244271278381,0.49120232462882996
2.734175443649292,0.5414062738418579,0.4791161119937897,2.805971145629883,0.5515276193618774,0.49106284976005554
2.7362589836120605,0.5409956574440002,0.47948122024536133,2.807230234146118,0.5509763360023499,0.4912831783294678
2.73421311378479,0.5408667325973511,0.47912272810935974,2.8063228130340576,0.5509768724441528,0.49112439155578613
2.733870029449463,0.5416751503944397,0.47906261682510376,2.806487798690796,0.5519161224365234,0.4911532700061798
2.7346224784851074,0.5411422848701477,0.4791944622993469,2.804844617843628,0.5508853197097778,0.49086567759513855
2.7342708110809326,0.5403121709823608,0.4791328012943268,2.804964780807495,0.5502474308013916,0.49088671803474426
2.7329301834106445,0.541587769985199,0.47889789938926697,2.805797815322876,0.5517727136611938,0.49103251099586487
2.7348926067352295,0.5407922863960266,0.4792417883872986,2.8050484657287598,0.5506525635719299,0.490901380777359
2.7338926792144775,0.5407092571258545,0.47906655073165894,2.8047521114349365,0.5506775975227356,0.49084949493408203
2.7335126399993896,0.5411072969436646,0.4789999723434448,2.8067026138305664,0.5513452887535095,0.4911908507347107
2.7337069511413574,0.5402681827545166,0.47903403639793396,2.804762601852417,0.55022794008255,0.4908513128757477
2.7318105697631836,0.5399959683418274,0.47870174050331116,2.804577350616455,0.5501314401626587,0.49081894755363464
2.731157064437866,0.5410459637641907,0.47858721017837524,2.805786371231079,0.5515486001968384,0.4910304844379425
2.731633424758911,0.541438639163971,0.4786706566810608,2.806121349334717,0.5519387125968933,0.4910891354084015
2.7302169799804688,0.5400067567825317,0.47842246294021606,2.803029775619507,0.5502368807792664,0.4905480444431305
2.732701063156128,0.5404976010322571,0.47885775566101074,2.804231882095337,0.5505194664001465,0.4907584488391876
2.7308077812194824,0.5404337644577026,0.4785259962081909,2.8031370639801025,0.5506594777107239,0.4905668795108795
2.729534387588501,0.5408340692520142,0.47830283641815186,2.8025314807891846,0.5510185360908508,0.4904608726501465
2.7301697731018066,0.5404453873634338,0.4784142076969147,2.8024959564208984,0.5506204962730408,0.49045464396476746
2.7319986820220947,0.5393549799919128,0.47873470187187195,2.802551746368408,0.5492870807647705,0.49046438932418823
2.729579448699951,0.5399110317230225,0.478310763835907,2.8014938831329346,0.5501982569694519,0.49027928709983826
2.728153705596924,0.5400607585906982,0.47806093096733093,2.801983594894409,0.5504502058029175,0.4903649687767029
2.729081153869629,0.540265679359436,0.47822341322898865,2.8023390769958496,0.5504919290542603,0.4904271960258484
2.7277822494506836,0.5413846373558044,0.4779958128929138,2.803549289703369,0.5519742965698242,0.49063900113105774
2.7289559841156006,0.540770411491394,0.4782015085220337,2.8032095432281494,0.5511608719825745,0.4905795454978943
2.728163003921509,0.5403398275375366,0.47806254029273987,2.801906108856201,0.5508160591125488,0.49035143852233887
2.7279767990112305,0.5397375226020813,0.47802990674972534,2.8021328449249268,0.550198495388031,0.4903911054134369
2.7278146743774414,0.5407666563987732,0.47800150513648987,2.8024890422821045,0.5510357022285461,0.49045342206954956
2.7281532287597656,0.5420820116996765,0.4780608117580414,2.803337335586548,0.5526259541511536,0.49060189723968506
2.7280893325805664,0.5395567417144775,0.478049635887146,2.8018765449523926,0.5499462485313416,0.4903462529182434
2.728217124938965,0.5400546789169312,0.47807204723358154,2.802042007446289,0.5504266619682312,0.49037522077560425
2.726367950439453,0.540529727935791,0.47774797677993774,2.802795886993408,0.5512312054634094,0.4905071556568146
2.7271618843078613,0.5399332046508789,0.4778870940208435,2.8019182682037354,0.550420880317688,0.4903535544872284
2.7269222736358643,0.540838897228241,0.47784513235092163,2.802128791809082,0.5513792037963867,0.490390419960022
2.7272989749908447,0.539958655834198,0.477911114692688,2.801826000213623,0.550346314907074,0.49033743143081665
2.7277450561523438,0.5406299829483032,0.4779893159866333,2.8025922775268555,0.5509974360466003,0.4904715120792389
2.7273108959198,0.5407116413116455,0.4779132306575775,2.8047518730163574,0.5514580011367798,0.49084946513175964
2.7244091033935547,0.5392228364944458,0.47740471363067627,2.8000948429107666,0.5498805046081543,0.49003443121910095
2.7241971492767334,0.5408758521080017,0.4773675799369812,2.801741123199463,0.5517035126686096,0.4903225600719452
2.7260072231292725,0.5397660732269287,0.47768476605415344,2.8004441261291504,0.5499606728553772,0.4900955855846405
2.724604368209839,0.5393449068069458,0.47743892669677734,2.800428628921509,0.5498756766319275,0.4900928735733032
2.7239954471588135,0.5403964519500732,0.4773322343826294,2.799478769302368,0.5508453845977783,0.48992663621902466
2.722499370574951,0.5397918224334717,0.4770700931549072,2.7977609634399414,0.5502856373786926,0.4896260201931
2.7227189540863037,0.5400742292404175,0.47710859775543213,2.7986135482788086,0.5506519079208374,0.4897752106189728
2.7243523597717285,0.5396758317947388,0.47739478945732117,2.7995855808258057,0.5501787066459656,0.48994532227516174
2.7231085300445557,0.5402874946594238,0.47717684507369995,2.8003363609313965,0.55101478099823,0.4900767207145691
2.7235300540924072,0.5396519303321838,0.47725069522857666,2.799412727355957,0.550350546836853,0.48991507291793823
2.723383665084839,0.5395289659500122,0.47722503542900085,2.8007211685180664,0.5503925681114197,0.4901440441608429
2.7244532108306885,0.5398597121238708,0.47741249203681946,2.8015151023864746,0.5505799651145935,0.4902830123901367
2.724773406982422,0.5408353805541992,0.4774685800075531,2.802793264389038,0.5516992807388306,0.49050667881965637
2.722195625305176,0.5407800078392029,0.4770168364048004,2.80126690864563,0.5516263246536255,0.49023959040641785
2.7215170860290527,0.5398373007774353,0.4768979549407959,2.8004376888275146,0.5506638288497925,0.4900944232940674
2.722338914871216,0.5397673845291138,0.47704195976257324,2.8004422187805176,0.5505558252334595,0.49009525775909424
2.721550941467285,0.5405325889587402,0.47690391540527344,2.8010404109954834,0.5513328909873962,0.4901999235153198
2.722238302230835,0.539855420589447,0.4770243465900421,2.800006866455078,0.5505330562591553,0.4900190234184265
2.720228672027588,0.5407124161720276,0.4766721725463867,2.8005759716033936,0.5518667697906494,0.4901186227798462
2.720489501953125,0.5400494933128357,0.47671788930892944,2.8001673221588135,0.5510200262069702,0.4900471270084381
2.720412015914917,0.5392744541168213,0.47670432925224304,2.7991480827331543,0.5501807332038879,0.48986876010894775
2.719575881958008,0.5405086874961853,0.47655779123306274,2.7989308834075928,0.551550567150116,0.48983073234558105
2.7202134132385254,0.5401927828788757,0.4766695201396942,2.7991397380828857,0.5512077212333679,0.48986732959747314
2.721806287765503,0.5392842292785645,0.47694864869117737,2.7993507385253906,0.5499787330627441,0.4899041950702667
2.721666097640991,0.5388028621673584,0.4769240915775299,2.7997145652770996,0.5496824383735657,0.48996788263320923
2.7200748920440674,0.5399189591407776,0.47664523124694824,2.800333261489868,0.5511597990989685,0.4900761544704437
